frame,angle_0,angle_1,angle_2,angle_3,angle_4,angle_5,angle_6,angle_7,angle_8,angle_9
0,58.82551311495727,58.440142128813235,164.48458781573706,166.23885238573826,102.5487354850278,104.77160336250967,136.77152860544558,136.30638279071584,134.06910899847475,138.74809478606912
1,59.34185503688528,58.72233645734547,164.61920326874417,166.10106277321816,102.4064802927632,105.88840221110168,136.42161026945664,136.1912338722189,134.50358147824792,134.6379855909883
2,59.799200329241025,58.76647077093626,164.79270589298108,166.76566590634863,101.81959438092038,106.36685432324153,133.53474903782475,130.5481068771207,135.7035131402912,137.03545579975423
3,59.826201521711376,58.46247221907971,165.46946480578902,166.6335329887291,101.93159226492179,105.32741447375705,133.78418154087663,127.55212267137915,142.44354762806609,139.34309123878305
4,59.942071522049254,58.4265365940403,166.12646642612566,168.3917116906311,102.13813933503016,107.18135190026753,133.7505734895036,129.04206871533245,141.5823852657411,138.16704494844282
5,60.27819472866527,58.343087578653396,166.44051604308856,167.4297912211324,102.03479228539372,106.85061365611713,134.131537298034,128.29340865692825,142.1459901998923,136.34499999579282
6,60.68512117263131,58.433735441384954,166.83293585703603,166.61055054021872,101.82083592334072,105.50915482287886,134.05853278314032,127.34975517539311,141.76213674743562,137.62770215857026
7,60.82735756144215,58.58539021321468,167.31716060970928,166.2557237050974,101.87965868406238,106.37451875214568,134.1227262728511,129.43907677542717,142.81368152623062,137.72084415547928
8,60.81965510707225,59.07423387544681,167.32627831218545,166.33678944381128,102.04867274620577,105.87307001477097,134.58321028810124,130.14558012958855,147.9066978196737,139.3116206580864
9,60.94040864029007,59.4816175391009,167.35210260167767,165.90106403342213,102.17768554648927,105.37817685594707,135.43620751245973,131.00535178697862,146.9318018047164,138.59981508509284
10,60.95586052615891,59.646387318397494,167.12847250842327,165.69671868675164,102.29969585748056,104.97413808580399,135.89671796237246,130.9925501126666,146.07569854112774,138.40923590169135
11,60.77228989543397,59.40083005389219,167.16400018046951,165.0873778483853,102.42417993480255,104.91563369875044,136.57489430011117,130.94437135649065,142.43432935413747,138.15989147742326
12,60.46926832053488,59.14718488764537,167.5687968151657,165.07021857317392,102.41453323377776,105.09176239638033,136.70354223295524,131.99448415927577,143.27946691259498,136.66185287582087
13,60.468966076482474,59.35927316248709,167.77566023156595,165.14230711349015,102.2466614276797,105.05037555454916,136.61279048657562,132.25542789505147,143.3063086637295,136.94825933462863
14,60.447814431186515,59.40088817657298,167.40434652250713,164.8525208033723,101.88284008267878,104.95816169480725,136.2134533655324,132.63525421915907,143.26926391784576,137.22522290853468
15,60.4457979423378,59.616313870342175,167.19044680240077,164.93046295884776,101.77746941014748,105.50606282227425,135.96448037808145,132.87366189520944,143.27778342618544,137.2636689242302
16,60.6078130047778,59.73650637861936,167.28455069546337,164.88055647902203,101.71728420430442,105.17702012816837,135.86928265378245,132.49570160753416,143.25283402751683,137.36375067202667
17,60.52168219893232,60.616500605452096,167.280196587648,164.72513712006727,102.02438845201631,104.34045666441234,135.88559046499586,130.53470904381388,142.78625391826654,138.14860943974668
18,60.42612116635919,60.659779827908906,167.32700848165643,164.62531887515198,102.291110978877,103.922276181939,135.99907752484833,130.36496861709705,142.90967349543476,138.59755122073622
19,60.205986189313435,60.98713724356512,166.97076914361006,164.71615640857286,102.47085682749709,103.26971316857215,136.0189872256644,129.79340762849458,143.01394456346458,138.44544292534573
20,60.21922920770845,61.07656689219724,166.67260781998513,164.07959989855516,102.40668262444463,102.48757143893432,135.49567962666748,130.00230062766985,144.0475160864811,139.9763016137952
21,60.556796197880054,61.02929198865166,167.0002999770019,163.8510167011573,102.30818062749975,102.14944978037073,135.13991567733265,130.29284680396748,144.20511374595972,140.93253954782276
22,60.56927712931931,60.88249173024671,167.00001429517116,163.6817545221004,102.12001395290768,101.71453964342456,134.42659600444532,129.67970281528477,146.63271364267618,140.99054234315167
23,60.4705198735204,60.81732217818875,166.99845761220516,163.69116954638133,101.97546099460187,100.35852716202783,133.9105256249288,128.39655389948427,146.4979952409903,141.2907569632985
24,60.27688484180718,60.83470718966823,166.70105020645514,163.9871824741637,101.64993785758104,99.470593637949,133.88191315275887,127.71695995960602,147.4369303246444,141.07565081988457
25,60.04325765364896,60.67210751387304,166.644088024272,164.12052060919657,101.70242082750106,99.29208611954869,133.9252916914024,127.3674879647962,146.47821686912025,141.38786657242431
26,59.97767979620033,60.65671226077816,166.6305509440679,164.38529342222336,101.83548238177923,99.23434726790778,133.94311098984966,127.16706166708468,146.5778701150779,142.00908441583104
27,59.96335689511346,60.59222031673118,166.592438850164,164.30829100522527,101.88675895302595,99.24186595869654,133.01058395381804,126.95618158320698,148.91089048226016,143.13622006652764
28,60.00267403455732,60.512986688025315,166.66842230576728,164.31598765011958,101.91687373391119,99.36058275720522,132.7223022669205,127.07329656605748,148.2296931163345,143.0970470311606
29,60.08793947216835,60.474920922383866,166.79766228526825,164.11086137297553,101.99711517862863,99.4083111646167,132.61611246554398,126.66097766819118,146.38008528995763,143.0829663946259
30,60.189258032402336,60.50597968648888,166.9216582551518,163.8899948762174,102.00847369769063,99.35350684563711,132.72847960506894,126.059124564721,146.5691017634739,142.82624161905628
31,60.39902197255029,60.56555643345004,167.14423134633796,164.07488240873275,101.9251373832699,99.65229442873863,132.7824322366149,126.52888980576358,146.11156409733888,142.1870805901898
32,60.41323302935472,60.54887418467626,167.20104547943257,164.1891972840299,101.97224035669167,99.87330113527999,133.3715389567202,126.88440091069941,146.6808957046739,142.00554908783315
33,60.34318451550361,60.5449521575867,167.23816444810225,164.24652910545373,102.06455845344284,100.0464154268512,133.40818985023205,126.8515714754821,146.95093384152202,141.30019928504097
34,60.28481241363288,60.51248565117925,167.22205237325633,164.2458970973866,102.14691849540395,100.238941279714,133.48539832232308,126.83450174866468,145.94901867008716,140.68193495625292
35,60.12474693197006,60.53061217744923,167.2563888427946,164.35216582591917,102.39432466395513,100.40606778536085,133.8577417105569,126.95014984253174,146.2760990060608,140.86909494465755
36,60.03025665244645,60.33958604287417,167.24199807680287,164.1642918291085,102.49716793973155,100.69677670194666,133.77652113478797,126.43025527021314,146.36357094566637,141.05772270157448
37,59.920186942196885,60.27638830672664,167.29822119582283,163.94582072188015,102.60577285794419,100.71578671842884,133.73615474652067,126.07239559229279,146.72793773974396,141.20321382972276
38,59.90272774787029,60.228602105956774,167.46552952006755,163.93892254357053,102.69980606005566,100.59891737625246,134.20268151709564,125.59154491186723,146.12225130864766,140.8350893215984
39,59.803572704536485,60.08741429429184,167.6108891440424,163.85891774987886,102.7817545232678,100.7338937673772,134.39744024907333,125.7249994731917,145.5150270630782,140.49219709890545
40,59.763849795986296,59.968907156733465,167.90102496099047,164.04505240344156,102.86394969651764,100.62757690215979,134.605087761176,125.504924291955,144.2085034607716,140.34964028389516
41,59.596862430599934,59.799872448520816,167.8063511252701,163.99558683442064,102.99555492494953,100.56697591888054,134.75380175200908,125.3608173800466,145.8122482686882,140.41350914798326
42,59.68368543824699,59.745879031038754,167.82851214359997,164.01024976200816,103.23382096409416,101.04881411528302,135.04008548650967,126.41360035816973,144.9060435470195,139.94850669476799
43,59.90762160589145,59.89563339315831,167.85681328690902,164.38529146266507,103.21194026427247,101.45450697196998,135.28000569062675,128.9447774110354,144.44752860398302,137.88262708864792
44,60.362053760212085,60.13347697551251,167.95619681463685,164.55177328995606,103.1034997854841,102.43343873259522,135.43958194808587,130.55990846083222,143.37123078539838,138.88799793017228
45,60.86108106178886,60.34006633903926,167.8063418945194,164.16809633167532,102.85494774674942,102.57754442596998,135.68477452318066,131.03377927892961,143.9961072025133,138.60944498748538
46,60.88440201809404,60.52262429474833,167.92085439141508,164.354757930255,103.13148477988973,103.09982703537607,135.16880297229633,132.07019159200345,145.20699578405066,139.06844529367953
47,60.96307109310022,60.472669325967054,168.11374121188385,164.35023238585066,103.54895292700358,103.67701329581222,135.71323495150912,132.63559344850998,145.76143959032225,139.07528924424037
48,61.10487271055829,60.435748023798055,168.15880874508173,164.3775540552748,103.84978819572585,104.27863823952771,136.29059360279194,132.96115598811753,144.9912917606038,139.1408349687092
49,61.0076487878382,60.35193386505082,168.2129829466747,164.33638180026037,104.09092742985104,104.60004708308746,136.73501654451823,133.01506688412684,144.40844777619947,139.1153300537919
50,60.59322240236629,60.14875559138973,168.09760933183432,164.3081835753983,104.50328426081988,105.80872989170683,136.94816053058034,133.89426046315566,145.31454776558846,139.6819980905036
51,56.33179919162231,57.02085529065738,166.91701116293976,163.57784680294856,109.48129638695629,107.64629916827862,136.06419876778577,128.33045558615615,129.94741120950604,135.706717949886
52,55.80683469948643,56.87462442925626,164.81939582246628,164.1046023572049,108.12736968463422,107.08235414455177,133.75987625501136,132.0008325746902,130.36148904187107,134.73111774629194
53,55.25697885429265,56.5914014515925,162.92776931090995,164.06253359698655,107.81065153585736,106.76091125437843,134.06733077817557,130.12949429649902,134.30702945196012,134.63044563728005
54,55.449594121556984,57.972061539004514,163.5046928950325,165.18433921167926,106.88208010236754,107.24446833264675,127.73620183408144,134.51145261201054,135.572032610933,138.5009740664852
55,55.29751697878861,58.13154978465337,163.87639100497466,165.5812294286266,106.8495513096151,112.64474740522988,121.85900821599066,142.66417451879192,139.1288485928977,148.4814795158564
56,55.59004786376265,59.11349613235645,163.72776296378365,165.37774318827314,107.15194942721016,111.97393636984337,130.43587456693274,142.32779656134306,142.55122721259477,148.40725938248374
57,55.5811445282152,58.70599914690991,163.67548414249444,164.89548276285953,107.36330949672922,111.7016072197333,132.0344631258235,140.9761683150331,137.5442595894675,144.43126849778866
58,55.93222020561554,58.546567562885556,164.12343143266224,164.72678344803037,107.21541042544766,111.85606668756279,130.70772801995304,141.61941696766186,143.72019416106932,146.6595341382614
59,55.982083984022026,58.461593040964694,164.15493268572615,164.32194026663902,107.28356142543693,111.59116295842055,130.5262621016231,140.57476518946257,141.92991153150405,144.73634438556368
60,55.87202077675333,58.205593720544,164.31621765577012,164.09161216454598,107.53767834765424,112.77507971766299,133.7802907407169,143.6456496139983,145.94281952913036,148.7164314819146
61,55.615735345557034,58.28442348281749,164.19849163766963,164.0451469711527,108.44381525001968,115.25821360526585,135.5118752714402,141.824235535066,141.08034355407108,142.00887370276888
62,55.302253813739306,58.59043785810901,164.1723164636735,164.30013962584346,109.49274813127224,114.02946116295904,137.2147200933329,140.4497912268314,143.89481180523768,139.16160926579536
63,55.02863907755451,58.79022781931381,164.15400551282406,164.29320372888083,110.82797697913624,112.53016771812351,139.93908490361056,139.44000905095288,142.8414680187128,139.5543351557861
64,54.77187039720663,58.799108020051264,163.78725013605174,164.34904952582932,111.85355080258418,111.91963240730209,141.36171693173418,138.94324716878205,138.59707579880617,137.57570310541618
65,54.567053931754785,58.984918017474435,163.36738891263397,164.44898326975797,112.52383993710862,112.7672535139545,142.2785483551512,140.86730582397365,135.35212248225332,136.01762639958224
66,54.317821700845286,58.98862461827798,163.2617854252407,164.8756012126793,113.25685035352045,113.21276400358933,143.17820038608582,140.48650859178005,135.23302402014983,136.39662347287063
67,54.355609254496066,58.77621306436799,163.31002239291192,164.937915856321,114.18045989563738,114.703078039282,144.7648662385954,133.73248462793913,141.4383940667497,138.9824804562223
68,54.20359636079598,58.18851423536817,163.07240773184947,164.5698156501606,114.6262734911185,115.53635782211367,143.89990411310328,140.83838937290966,129.39643902464206,138.62031118905057
69,53.972598154145466,57.46353958670269,163.07356290638165,164.5479599103423,116.8105237539237,115.48407417919898,147.78478763336787,136.71966150521592,139.53423869981194,113.87959194698928
70,53.9324026175417,56.45238824682112,162.71611458882748,164.0884002573435,123.80393232796996,110.66523833551487,157.51181355143638,131.78810853742743,142.86319795397324,125.88846671896412
71,53.874505221072695,55.88116728221343,162.5312181536587,163.84799560658115,125.87882533491901,105.04187705852834,161.4898597084975,120.68771063705478,144.02698203890645,125.1727907695986
72,53.9478912771153,55.69764904981436,162.5353257749503,164.03680636798182,127.61311830754433,101.61550727036696,163.3005746004289,117.08107488769261,145.77336063636454,130.4133680104066
73,53.519494372004,54.86213593880446,162.45588771527474,165.17838786913242,128.78438139817467,99.70842506836723,164.01734614617618,104.77675412580294,146.86781101739987,141.95863392900952
74,53.4140985155222,54.31791157806189,162.56578976699618,165.07716179977302,131.32230511292548,97.37773652128139,167.18638442819565,102.68610410937907,147.3267815530716,145.51866456760695
75,53.040552721150085,53.89571271439353,162.61285733865725,164.98216894754276,132.0485961857984,95.64130958154601,167.302491041806,101.28884202218029,146.84570332317332,147.3862680412207
76,52.856602699506915,53.28349016031623,162.7198321653926,164.9599610180887,133.29661704962606,94.47124775661382,168.69463120036815,102.43449205014957,148.1880375736304,156.1607807491167
77,52.8121208721187,52.71586162856762,162.70262976695574,164.62728560255374,133.1823799148751,93.68681203785813,167.98247824080164,102.45185064082602,147.8263923141183,151.90712787381176
78,52.744464746029934,52.79901129257483,162.87711356305024,164.5938815333441,132.73025994415303,93.62247342987558,166.6666295718021,99.73762648628286,149.10094684890487,147.16396822670202
79,52.537985934086464,52.893987682642184,162.61001413317848,164.39118699354597,131.81920521417265,93.45455527280258,164.31727982165282,99.67258458464812,147.31090393287067,145.03683481246486
80,52.48841907190287,52.52884457184016,162.298516423392,164.17614696138475,131.28242818777753,94.39710485659755,162.7708568296577,102.18496465533576,147.4193821480754,145.0983596700538
81,52.32044177956767,52.37431448394314,161.43925968357925,163.62226246259476,130.74145627790173,95.72665011512531,160.8170995520793,105.97733785060231,148.35905655040366,147.12715022728145
82,52.10099707356023,52.315816727596015,160.78714957218082,162.4773700417428,129.51859854766357,95.68783923245053,156.53812567981956,107.70187946846062,151.3564612652987,145.83725953361596
83,51.848221661005454,51.986948976652585,159.87820127085885,161.29180267900122,128.4487719652358,95.99342268609428,153.36155956297563,110.52034079341928,150.3142303907862,145.32639195279748
84,51.90027846531209,52.227376984576416,158.94873961642045,160.2440571287853,126.76604978969335,97.06232869950257,149.4446783978943,114.71595927414597,145.9014244888666,147.27138629688216
85,52.449091347238095,53.5737359399827,158.6488302421506,158.56178959856064,124.82415230744395,111.6527579311943,146.75874431169368,134.26485419475134,148.37642368980713,146.1807001969658
86,52.54831670054972,53.991942430095065,158.21539835927172,157.72649717777776,123.16624494955903,114.16677209724483,143.58809671875562,135.64974067681038,147.5976132002042,142.9306489963724
87,52.50937569715137,54.174595504138075,157.97574032323936,157.8811783861554,122.3726358109099,112.63331296453768,141.4412248775409,134.53232555880265,141.83965565526063,142.06188567305858
88,52.82355288840524,54.38810650656765,157.8888745571927,157.73767593731705,119.66483339810053,114.30638120099029,137.39588938265362,137.11336383665406,138.3995558508987,138.7103769986834
89,53.0965268652618,55.14423094208744,158.1526936642906,157.44710148397598,113.74243861334897,117.57658399025291,129.37600720057057,140.99527926198704,136.71973315476848,143.09756475012378
90,53.98885636195703,55.9996353304466,158.8425311893388,157.3698698493821,111.9570382958097,116.15595115187458,126.67914320857972,141.61392006805286,140.86371442732582,144.39406233032443
91,53.8650471450271,56.33586567451152,158.54423742504946,157.5103036802685,110.38315268248854,114.22832857158201,121.79769877414827,144.81118797677755,139.72287106180622,157.09563110190433
92,53.8372054815025,57.57112939803286,158.5697065413846,157.7632446400055,109.81409580858828,112.40601459054281,119.1180311381506,142.36914442097824,137.01666463202068,156.9749059986567
93,53.94150527374794,57.292432899270985,158.6897445918824,158.27092585800628,105.78148918694598,110.41488272930866,114.56176365798214,140.51772268635258,137.12411523637357,157.65574956675502
94,52.96668457344966,57.489860159458736,158.33914873942507,158.38410613066426,102.40254654583391,101.39572068189688,110.7699236595196,119.82209819839935,136.7703207756667,154.82624278337443
95,52.62610477249676,57.8496180671518,158.22287363057916,158.77586063250817,96.09555649722063,109.68281874180525,105.99880642447363,120.88701319045961,143.0712339243511,148.42293552931915
96,51.945306360231925,58.954348217900794,158.29147370760072,159.43914806058396,93.46930565471457,111.12341342395335,101.29494209853573,121.40326866397567,140.8518730749583,139.8135390541285
97,51.39620119196219,59.459590701879804,158.0040807699821,158.79860796644758,90.14881658496817,110.49406740074635,98.46384436237344,123.22026832913096,142.5247592536104,143.20604948697704
98,50.9287422914539,59.913291773423104,157.68164452518002,158.72398913725874,87.98184012132447,111.09424180266967,97.7613809046959,127.71866922384876,139.98892611839153,142.9462580526748
99,50.88627219707116,60.49024064676346,157.91778336761067,159.33793610399024,87.0790173884853,110.67693858606263,98.85523311363255,130.89847146280528,140.25754004552095,146.67678074537503
100,51.04702160167642,60.362784722926456,158.24832161345876,160.03062603955516,86.6996915154385,106.39836367619903,99.89195990933524,129.06723875441025,137.47233927237377,137.2088781910381
101,51.19235045748597,60.540549446526434,158.20777855685517,159.94531186525268,87.04579973041584,105.49159074850068,101.45809294642561,132.93139865657932,140.41845823071716,142.69893991523756
102,51.277820814311596,59.60777709166856,157.78442581164944,158.85085397684185,90.396566360721,105.61791402222578,107.71687860052705,136.6582908338553,141.13825542653512,142.54049789650853
103,51.43102888276301,59.3176619385128,157.4514700921429,158.86407170939913,92.83454334939012,103.72500212038022,111.89447259962796,130.93816623483156,142.01417647929756,144.60908927908665
104,51.627546329784245,58.227966515880134,156.9756140340326,157.98805970129416,94.47011122313309,96.77311794011493,115.16240226969549,124.11384155451822,143.94222122259677,142.79110740364462
105,51.86055685193528,57.95182155810161,156.50030978541076,158.43003013138807,101.69865266466107,101.19955812027966,126.92615212745551,126.45344598340753,136.61407366791587,136.89303469546002
106,52.24825012558581,57.8095922015289,155.94875676102805,158.7726382741043,108.16664723513553,103.6325510007457,134.34529747949614,128.24207101136517,134.82078920410615,137.70655251265416
107,52.721184063716436,57.94289434611594,155.89212445820112,159.2779965544015,111.07248034367274,106.9158158305624,140.09424559731275,132.03443833177965,136.2599030756685,138.22593682838053
108,53.25893793944244,57.89078136155351,156.13296101337892,159.87522827625793,115.027408044168,110.4159570276053,147.141037552675,136.11277086502196,133.24956670174493,133.3793886463123
109,53.91948102746016,57.13286132672415,156.44196002482676,160.5743157013872,121.24519710367318,106.30511193994711,155.32522008784883,123.4430535703687,143.11520761808026,116.39728506207184
110,53.7880477434238,56.03232966835041,156.17596975936635,160.43873347598958,125.32282959151442,100.80783787724349,163.21796452639805,115.05397288346043,146.8754128952052,125.60553527137583
111,53.554286924033065,55.30787727882421,157.14821745408204,161.0294897235607,128.40827542060717,96.50214434036238,165.8427557652986,101.72114368988963,147.0999843914647,138.364326782108
112,53.811489952524234,54.11629884075891,158.0737790119239,162.13984025221475,129.54659865991962,95.01704893740356,165.5407731819613,100.97066418368792,148.09537351828615,140.24328292911576
113,54.00647500777578,54.00449254375108,158.6313100435584,162.51115961289284,128.95473806035469,96.4408248205227,162.27621286327772,105.86245121313559,146.47531910322797,141.25519205158548
114,54.08137816409084,53.75988996100527,159.6186104775392,164.3531415366778,127.50278131798441,96.8137148736033,156.5915718971959,108.72263715510618,144.42980639634985,144.1172781486306
115,54.22100558568942,55.12919866224144,160.4139003370046,164.88831030893263,126.41840670873076,96.12905269222108,153.23991743102317,109.77598164723662,146.14821184591875,146.21718912315566
116,54.71920832598065,56.095938931462264,160.47101006135867,164.12324800774758,125.12825355429702,100.04097079714964,151.2728182945487,120.12488069098748,149.31326181489385,147.5306446139446
117,55.32641908353819,56.8966413194145,160.56413234488747,163.88824534326776,118.20262071907241,116.38677116139525,138.7132146005942,138.44125349132386,141.61472602034414,144.54396475231653
118,55.451357134624644,57.30008537301617,160.38400877609337,163.69663640703249,113.46022405844202,115.49971353584432,130.3334407226005,140.58845492435753,137.1658404683747,149.99346680472993
119,55.47286666941585,57.46787118548049,159.9816088018526,163.21372362356593,110.52232892058647,112.8214303179046,122.863073599062,142.8067464808997,139.5494929098268,160.30356268810476
120,54.93274713951394,57.34399050579414,159.7527460600266,162.77210357219445,109.36914871169554,112.50010869629044,117.85951304489507,141.99395206879683,143.64454874233897,155.98434328643356
121,55.03265351720195,56.400708955006905,159.8575588446265,162.40062006003095,104.9150855416826,109.24639713861092,115.57124201252185,129.5905411348886,139.21490869442187,148.48817892973298
122,54.6880121918093,56.38535981302755,159.83500238153968,162.13192572020927,99.84636540563925,113.14778685200268,104.88060081491014,131.17166025435336,134.590256969924,147.91071564284167
123,54.66539438067202,56.78299996438385,159.40103404252616,162.52624124393506,93.46168127888859,98.85534836856944,102.97279180884743,113.17064967515245,132.74264395764004,142.0101571530036
124,54.495614830209014,56.91603773403877,159.38043786071702,162.21278082864038,86.16279987731895,101.36063322129998,97.74009146596904,111.53824283084788,138.0885879153203,140.27012848234986
125,53.97811269167994,56.731360628591844,159.64778986017063,162.72457075301074,82.31593885744299,105.52485249249948,96.46178089977604,120.89972953568179,138.4870297343342,142.17865449046624
126,53.756684290445094,56.35162077621283,159.38772192741982,162.6980580515909,82.60408940205744,104.96846064617556,98.94171366027024,121.50044855930977,139.66435495344263,141.78605197536982
127,53.91572143410646,56.59233219597153,159.8124458853578,163.34183464425476,88.06834085712617,105.44156520303866,105.5961141495253,124.0766745109562,140.12119283649517,134.13391878590886
128,53.95572334656019,56.91494527303853,159.74346651882132,163.84781016034728,91.82680486182431,103.45022222496526,111.36482774466171,122.57862933025459,135.2741206840398,134.6692170187036
129,53.95040621302374,56.537003140273534,159.48329882171925,164.11358873250228,96.54420888553126,101.56633388468993,121.13378098195457,121.57136282018101,135.14370333804746,134.74074488552807
130,54.322096527018644,56.67023029353728,159.63706668114784,164.1285800595638,106.28276958086671,109.67004557205144,134.3071211051113,129.77861955131928,129.58526137560105,133.8370819734035
131,54.33041261896276,56.72474861413151,159.87191289818185,164.08175634578768,109.40265909786602,110.51126238876164,137.16087838784648,132.54928460914616,129.10225457423155,136.58089792332677
132,54.219014590815604,56.06161657073076,160.23516150257456,164.0224449475491,116.70310183977611,111.96497598603828,148.48901855849485,134.42478795260678,140.6476082549778,134.12716314226103
133,54.2130278305252,55.589485132997645,160.81954935150776,163.94440137462857,122.58889918490773,105.65757673267169,155.73340285412732,119.35659910309681,146.4670598713321,129.00075867714585
134,53.34679896462987,53.51744592784488,161.0291134236891,164.77982580033142,128.83494277806122,102.21321186121266,164.3840638595752,105.6409891858159,148.93289331150234,140.99532243172365
135,52.768758187364476,52.7778528739869,161.17770594339325,165.22467083185808,130.5763287817814,98.56579881458941,163.90121577379878,102.49213973879796,145.70008761336808,146.22187635765326
136,52.48343211511363,52.53435275365328,161.11851861806184,165.6424962940165,130.14018154558542,96.59272771153599,160.57307068916228,103.2661422028387,144.8771105151367,148.7523077444185
137,52.19970248006988,52.794794780136755,161.17082206072592,165.3416949953517,127.94208058082955,95.87398881180165,153.72571949037535,105.90391845981944,143.9066906378484,148.50338549077097
138,52.6211488653904,54.4627944883299,161.68248460838694,165.08503856507107,126.29235258797318,94.40280112583757,150.00672528525703,108.4060284889502,154.08337274993966,150.09920849369027
139,53.613240997746594,56.265598293742165,161.64247195808971,164.73285429293685,120.90224653630295,114.23386364163774,139.57446520244525,136.82037780468346,149.28725474068418,153.8824790803364
140,54.27534380753222,57.097439120564026,161.53308259596028,163.52181534295838,117.42768195979093,115.02382490912352,131.1083714886138,139.51742664027987,142.07485840244448,148.90389644810534
141,54.58543913371859,58.21124748213749,161.64959746692253,162.70551093812782,111.398661150583,110.17779384223819,122.85826572052284,138.81113845881495,143.37531817842947,156.39944250776844
142,54.77630649413232,57.260233028481196,161.39837543624174,162.51393710405642,106.5579113966727,110.92544754711945,116.20425004738289,134.95950729294478,141.6056305292158,153.6126708631173
143,53.98973138240845,56.541608979871945,161.1077723448483,162.4346427989112,101.26565064886952,106.59720254178774,108.90157230472602,118.074694007863,142.94597796796918,150.95837067881413
144,52.9483398242497,57.18958163859412,160.60782438123778,162.85052539921588,96.09244650083097,95.0318326233278,103.75360932860377,108.14225227964599,137.30608033508548,145.86280435895142
145,52.87233707960737,56.823103796750004,160.08875905348907,162.78622514644653,87.65142886224713,99.91543021094047,98.76457416152311,112.61794158210898,139.28851655129637,140.6983822961974
146,52.83532862689704,56.757815302295505,160.03568060166174,163.6318720698041,83.62471785526854,98.14425351318184,97.17688405579958,110.89414637358024,138.44043911676968,135.8843436193384
147,52.54082638088922,57.542502088514446,160.0437860776068,164.80737732318653,85.55726009764223,103.0228195445334,100.31414332682192,117.38820220717562,139.84022820341946,137.71009966162626
148,51.78956215629454,57.49969351353681,160.0882831282689,165.349777167048,89.96360108430655,106.07418300433878,106.30769504608844,122.65810097283409,141.12958831619366,140.00389782304416
149,51.04851741816793,56.15242809874225,159.98225204741766,165.37011786098637,94.52466938505427,105.56891826620587,116.63754047050318,121.80429640270376,130.05391164229815,136.2314355462828
150,51.24072484713373,56.45387466367794,160.21898588766288,166.2962735862146,105.00043233747232,112.1743400091043,129.19766279826362,135.22838450068878,131.97090769837493,140.3430921365878
151,52.19457819521226,57.11060915530027,161.27955300371778,165.4416357888555,113.74597480359604,112.6970699722392,141.47445947598726,137.80384283412045,131.6022854401073,129.19252106350612
152,52.29754218747132,56.43923568511617,161.58836005976406,163.82970831717174,117.03818420806913,115.04487450657598,147.11000467055723,140.64271714283825,139.59563059304378,137.07418683778477
153,52.372993495082156,54.66622522071072,162.03784960413108,163.90634130650588,125.8300498511417,107.85530809694964,158.83231944161508,121.29667506941882,150.19338895152887,123.05225025104924
154,51.92537248111298,53.705062436479714,162.1932380992568,164.57537960004157,130.59234683669973,101.32812328671788,164.20376510127457,110.85083445086227,142.36333115782824,138.21372511010256
155,51.96516960050938,52.5366774100111,162.59846334409312,165.85927764201386,132.67465916527,96.58225030815372,164.85822178377893,100.29344433399149,145.6663892406637,142.15416576639794
156,52.80022002256348,52.81305419326257,163.85175299966508,166.217836574041,131.73916091118173,94.10959158649044,160.48386581496456,101.42186795892945,139.70259589279743,143.54815698576633
157,52.97580124666177,53.684980603198206,163.7778220638791,166.09948187515323,131.20054447961675,95.6516431083643,157.1557743761953,105.76602600473731,151.41671318098642,145.827914451489
158,53.23108531487737,54.601718243992934,163.36157962948573,164.74362789993,128.43160447358116,97.78074736435205,153.27403889046806,116.0807060946544,153.46219990125945,151.95826185521975
159,53.86617252016045,55.81960269459262,163.14579075941026,164.2415950806248,120.0458866284526,113.67385251347119,137.00937441566907,136.66575557024953,145.4117742914749,150.55806848866862
160,54.14659932685675,56.8168756261005,163.02354796057926,163.19558287202673,114.59477955519188,114.3287745874042,126.25416778240341,134.61003643186763,144.08626131210343,144.37832937290858
161,54.67304989330913,57.72907733805528,162.95715993184956,163.33628624574595,110.11269098971789,114.72411220355382,118.46892556796041,140.96783473653304,144.09370735010452,160.05600193222912
162,54.64155261909019,56.95876843779474,162.4559334014719,162.9779720254555,104.04869138827083,111.67257880627803,113.64039742439314,128.79262511127783,143.27111914265757,152.3462026449069
163,54.65106681864371,57.13989163622174,162.247393043499,164.43771198725824,97.35995895642816,103.08221020986365,105.48084853315495,117.14899717721295,139.53341095469204,137.81212668685163
164,54.07590396829248,57.74651898094251,162.54872594497226,164.9626452816912,88.67209340934573,101.7657955136057,98.25742613080968,114.66752173889353,141.91198932062204,140.6796319127955
165,53.72262325595079,56.82487944733594,162.39168137430633,164.48753095207556,82.27660005779629,99.70512672423202,95.70911779907857,113.82440210157844,140.0137297479273,138.98606826840395
166,53.6699590443462,57.54383492871285,162.44999636933264,165.3177234908585,81.85136208573651,96.75715586641984,98.65853493147733,114.22398141092694,139.29409293430706,135.96502395205826
167,53.37215494914382,57.55400369084904,162.12994283635157,165.4443386174763,90.78299363918711,100.39429993366431,107.64556167266221,119.11190192549711,142.71532510715602,137.81672294841545
168,52.94013299405696,56.62483633114335,161.70731587144434,165.66403910924925,92.13338795305219,102.84625811177678,114.14078291697047,121.25441426940054,141.88291716277428,138.41778886183388
169,52.91914498757587,56.22262403714138,161.57378565146837,165.343458079264,101.01002230064978,109.06652399200811,126.35917248707676,131.18885223786677,141.6224001084338,137.51017942573725
170,53.07703211415203,56.985147607009814,161.54239728061134,164.5316729525512,110.52852617330917,112.37565725492897,136.714116155623,136.3357542287259,137.29403288236202,139.6782217719346
171,53.47873462116427,56.6321372728999,161.9597618679488,164.23059711041984,119.00080207835899,113.43632699052596,150.4601063060708,140.56261254363793,142.91451240745698,133.6355969355455
172,52.57140747579718,54.775008384779134,162.4817845321324,164.42390688291704,127.2565531624589,101.9759758395084,160.8759796430085,107.30386256708283,147.02010514874223,128.02694020932572
173,52.493363522540555,53.737348008542874,162.68094706610145,165.4671851909558,129.57427031407303,96.43475448704119,163.81373728512335,103.37885758260575,146.1672393013399,146.9720173633921
174,52.316983261440015,52.888267572940684,162.79946903739432,165.86355133674317,131.0464257802827,93.68125202967248,161.85695107698902,101.47133682474055,143.0333058498675,150.2889989412286
175,52.3167090059293,53.13842323470545,162.73212399020227,165.65213624083154,128.84447813132644,90.50115785325848,153.52271350024597,101.57170469843464,145.29542378999784,154.132455880841
176,52.83112396695003,52.74366251939269,162.9991809675602,164.3989879433711,126.92870204418163,94.24336403146519,148.62106064588363,105.9340296387272,150.39112093572012,152.500408894218
177,53.3998966439563,53.73375928478954,163.0785689146787,163.4223143006657,124.54744801030792,115.99208425107066,144.19543817918947,133.2213621453297,151.7536578260202,149.6631433794517
178,54.39258835108339,55.56778396228294,163.8971365800606,163.16553096497879,117.4203566485742,116.01907497855646,130.155397699933,136.82812342627034,144.97390471896247,146.06066397367562
179,54.54376268220134,56.10399313704938,164.20316093255352,163.5403080241278,111.75507101826268,112.4548622612004,120.27141702080519,138.85452203096133,143.34253957021144,159.914780079113
180,54.41813210402766,55.101514448104545,164.304215318441,163.75312063176708,106.31739222362678,111.78401099696929,115.27467530574208,130.95518896492237,144.48247517038726,153.6308930788622
181,54.26063958315878,55.898962743467955,164.03053193593897,164.8771855705448,97.79864126227226,98.25306306133311,106.25191260717114,112.37185057586169,150.70094585642423,146.28011176465736
182,54.03294418725501,56.98315391575072,163.73405483927706,165.26843183701112,88.10747910688555,104.61793968988597,99.0215151928304,115.41148354052021,145.45367998966734,141.0588885853427
183,53.74808432219501,57.05743656913383,163.4248854242026,165.8589391665987,81.54392556224298,105.20604291131113,95.83707239650295,117.27610587203239,135.92857338404795,141.4214143342409
184,53.454615383076515,57.44997280828367,163.54971906137644,166.61156746721485,82.82035586885462,104.73649173367996,100.73150034162853,120.56778071143421,140.53604667565705,134.27881830536464
185,53.40461070566108,57.688019135237255,163.49789065259736,167.05778262826317,88.98465743654687,100.37151391553022,109.14217561852871,120.58183894360403,139.1280053009119,126.1373839636696
186,53.525707353037035,57.27353720857583,162.87999736292733,166.5913539184922,91.23876156390996,101.50340048969683,115.74932034630743,123.38197821080584,140.44745649259434,135.61543852590043
187,53.58438291398663,56.84567676139618,162.88896756855576,165.55795749022383,102.22369071712228,107.88358712449529,127.92099784664751,132.37623682876244,138.1186363386338,146.78752647225085
188,53.8127159595737,57.0337148787403,162.98711297839273,165.15833210700737,110.91442537499664,111.40629947885392,139.09757144920792,134.46209638130443,141.79227979352413,140.7487668070402
189,54.412057812003425,56.047353444292625,163.59994088748957,164.23457438026367,119.49986096702979,110.58357345668081,152.45117859065257,140.97956805388677,144.15913292402627,142.14743612228534
190,53.99244925141756,55.26264214587533,163.87661187564822,165.6021584209366,126.10500831252585,101.32336131721982,160.6608662390955,114.80255030259954,152.05073407484596,154.94352304719774
191,53.650537186074786,53.61250390282651,164.12159167043626,166.13315888704682,130.2963931873576,97.52355786782704,164.12068357104755,104.31443132681616,144.8884850049399,156.4798190703963
192,53.58368330796699,52.20272118941891,163.8466024569836,166.5273011190966,130.83648952446913,93.90933598165343,161.52526573498884,101.77443641000178,143.69297425859568,157.50107164983635
193,53.80791722910234,51.75896141752094,163.42419291477506,166.28387654046085,129.39575485548968,93.59052091150399,154.3055585721084,105.1059524766161,147.9033888226709,156.80545853031634
194,53.84856710957626,52.21756892375901,163.27886482927212,164.6942647325542,127.03509756917548,95.06939407334997,149.49032476044206,107.97042433348003,147.74229479454291,152.7995652504207
195,54.366162199899016,53.019956237560876,163.25530655415776,164.40298270250787,120.14743386695284,118.70345071157685,137.71145513516356,139.62472431376708,148.03958017073654,154.67992263047637
196,54.62114928044183,54.14079979065361,163.91080484701033,164.01746913403522,114.80644442954971,117.17539947621543,125.57913904757194,138.1237391727165,143.17390945773943,152.04635269780698
197,54.782555420757056,54.50351423938287,164.40090392955815,162.89430797105598,111.12797313103694,113.79321833864256,117.43352239746292,137.85482355062913,146.0233514513208,160.50673945846117
198,55.14232258006314,54.71590436130044,164.3153650601249,163.2127902250711,104.44341212121273,113.32615608364424,112.85946958362757,126.44320596029505,142.38944000406423,150.24251107822138
199,54.85650445863023,54.965417423729114,164.1041287225129,163.95605094733313,95.71877171397054,109.53408585511794,103.9594674474614,117.51850710403266,136.8832662350063,140.3917563299259
200,53.99354594460087,55.448271794512934,163.42151962881238,164.1938339605975,86.62446545376312,108.64802004154713,96.45477074337077,118.57559557441124,140.09909404076694,139.17180285559184
201,53.342296724806936,55.5211831512402,163.00424885167445,164.21811236192463,80.88185961287175,91.19514896402933,95.61085269764607,104.90310115907633,143.92268830954785,134.3707020920199
202,52.47719795087928,56.42531272712798,162.45289800996025,164.4378520492539,82.7780873115414,94.62151171314584,101.65703318205914,114.04312903411832,143.51970158485278,129.97106161024425
203,51.97952434483631,56.58149496598486,162.57006783801737,164.4789005335957,91.69517834532945,98.42388713189433,110.66585523240983,119.03497500599596,142.9152176467732,135.54397211060413
204,51.519020150193235,55.68744350824947,162.38715923288018,164.62423340976588,98.85617328900416,106.9647319203145,121.1325238432361,131.71669233719518,148.0541800403931,143.53081059702316
205,52.232210662012456,55.95002715125744,162.77122119269623,164.07107428085294,109.31038630255406,108.91072840688723,133.04381055984706,132.88435221739678,127.67466424795498,143.98459964924405
206,52.60435792086794,55.14693669098745,162.68659693680743,162.59426079125495,116.16279215460138,110.35772590374455,145.24999425468314,137.67652582995842,141.9131894445868,137.35104376401227
207,53.009190678922835,53.79269873321466,162.75091749246758,162.28039981999697,125.03856004807555,107.0723651571758,156.5314764478278,128.21706119268956,151.4745575549722,130.23273863189252
208,52.3322459361642,51.85099391457109,163.01523332261502,163.04891037210825,129.2760768243089,98.13722073027122,161.64337178550676,105.89173729397118,154.03417600567656,149.73345445363867
209,51.95234967048005,50.26979477657842,163.1146590878552,163.3750544589148,132.9296013047914,94.05112695212449,162.96856233238555,98.8783013664509,142.10809710211853,149.03156848600523
210,51.995325983063445,50.47753718388213,164.00629441016304,163.1453858126879,132.23275234278833,91.13419578633545,157.270684278847,98.9112513717435,140.09497043283122,149.6491691581797
211,52.239837790452974,51.48079721628862,164.2856756195034,162.89253885411534,132.9507674401606,91.74249288645056,154.30713824356246,103.66089531818676,145.61815114899002,152.58703831624666
212,52.490181209108314,52.73450764594612,164.67516417005947,160.93764017205064,128.97234962445185,115.4563518008594,146.46309181607887,130.87073730131956,147.06980659984853,150.7064243735341
213,52.97880868250944,53.78892974711838,164.72050726787327,160.39360956984083,122.37518146054414,115.50633567894248,133.91494144497412,138.76944678186564,146.68091469882944,155.60853146420558
214,53.406824700813075,55.27564760398496,164.9063052140643,161.34434231217847,115.93303921949247,114.36024590446257,121.93422743629904,144.32629484801052,140.91650372385632,160.5228146367891
215,53.3122452321221,55.02562320766773,164.63992401757605,161.53840220907625,110.11561070494314,114.32203863142928,114.33259860096311,139.30253424456453,143.68035500122443,153.03506342316226
216,53.22291867150821,55.10944510233694,164.08340705707914,162.00222081532453,101.43079700366826,104.66405207191862,106.5400512002202,118.68733177429638,142.97828282492176,152.9921996773015
217,53.003611276336095,55.515649945337394,163.2682658281417,163.29880219925388,92.2623145672922,105.16394256147852,99.7499189051021,114.07903874467493,142.2077189530069,134.76845260744534
218,52.68600409836259,55.73703101310707,163.30746799435946,163.83141964373195,82.62571666816643,89.41040814957866,95.1296340761782,103.02449403238512,141.44911250229595,142.6136207474357
219,54.12562539594718,54.65347619687116,163.22705266783916,163.552079131505,92.2103247632315,119.6518787735181,105.74052942700516,134.35587170959826,140.38212223282838,147.43444684736153
220,54.68753993057361,54.94949692208183,163.7101993830551,165.11156592553954,100.35885587455275,118.81781805767837,118.15098407052781,133.90891702680904,144.09024702995805,146.27778385844084
221,56.470660852288255,55.34767118141957,165.09590630038045,166.20634912102392,102.38031518322602,118.22146023412883,126.64403001986042,132.29353200271424,140.54964191972869,142.95497866857647
222,56.43284574669926,55.40065421210776,165.2934041980872,166.24259718299075,103.67873842663347,121.00832363664404,127.66442793530283,135.46194478124815,142.41209100858683,143.50028389832318
223,56.5875567029789,55.467550012402114,165.52336335247782,164.90667217423515,104.67753820231589,119.90303731983383,131.23266975942568,134.2780470271871,141.51675952040372,142.40169313630295
224,56.76342692127376,56.03204264743655,166.17575299203,164.52115121614003,105.58130935569595,118.5523808243786,131.17505148466665,132.26568244783707,141.98597674917806,142.51224994486284
225,56.614908740117585,56.05881802516086,166.68512622246084,164.8753334284135,105.81777096195711,117.7749379996462,130.09472990754017,131.22466049432057,141.93087619745094,143.69476260507597
226,56.29967031966187,56.275197625632146,166.5771847929765,165.39280626066878,105.69451751412959,116.97989873878525,129.2653055481156,129.22280568783455,141.81993480107687,144.66970013431273
227,56.27949266332847,56.29065020733045,166.94935720440498,165.88401743740243,105.96086386156595,118.42671756737438,129.74322591541065,130.8224956944977,141.57420382147305,143.86866559952182
228,55.608789677478505,56.212075610150166,167.05618800476384,165.52830538137255,106.61596259778747,118.66305983856185,129.95664637090746,131.5161937441627,141.38734920744918,143.41246169361756
229,54.98617495929056,56.21301670564429,167.10642346634302,165.48084405256898,107.5725747297706,118.26973648496896,128.45873256687725,131.70000834443587,142.69000462513188,144.26896290364607
230,54.74911053001586,56.165707208813224,167.04869444512707,165.25729123224863,107.9301589473802,118.44656182388532,127.46370313606508,131.99894807717257,144.8673456102878,144.36030810029897
